res1,res2,face1,face2,cis_trans
103,217,W,W,C
104,216,W,W,C
104,257,H,W,C
105,258,H,W,C
107,214,W,W,C
107,260,H,W,C
108,213,W,W,C
109,212,W,W,C
110,211,W,W,C
110,183,S,W,C
111,209,W,W,C
112,208,W,W,C
113,207,S,H,T
114,206,H,S,T
116,205,W,W,C
117,204,W,W,C
118,203,W,W,C
119,202,W,W,C
120,201,W,W,C
121,200,W,W,C
123,198,W,H,T
124,197,H,W,T
124,201,W,S,T
126,196,W,W,C
127,195,W,W,C
128,194,W,W,C
129,193,W,W,C
131,192,W,W,C
132,191,W,W,C
133,190,W,W,C
134,189,W,W,C
135,187,W,H,C
136,182,W,W,C
137,181,W,W,C
138,180,W,W,C
139,164,H,S,T
140,163,H,S,T
141,162,W,W,C
142,161,W,W,C
143,160,W,W,C
144,159,W,W,C
145,158,W,W,C
146,157,W,W,C
147,156,W,W,C
148,155,W,W,C
149,154,W,W,C
150,153,S,H,T
151,248,W,W,T
152,224,W,S,C
153,250,W,S,T
153,251,S,S,T
165,175,W,W,C
166,174,W,W,C
167,173,W,W,T
168,188,H,W,T
169,255,W,W,C
170,254,W,W,C
171,172,S,H,C
184,212,W,S,T
197,200,S,S,C
215,259,W,W,C
218,219,S,H,C
220,253,W,W,C
221,252,W,W,C
222,251,W,W,C
223,250,W,W,C
224,248,W,H,T
225,226,S,H,C
226,249,W,W,C
227,247,W,W,C
228,246,W,W,C
229,245,W,W,C
230,244,W,W,C
231,243,W,W,C
232,242,W,W,C
233,241,W,W,C
234,240,W,W,C
235,239,W,W,C
254,170,W,W,C
255,169,W,W,C