1GID|1|A|A|104,,s53,,,,,1GID|1|A|G|103,,,1GID|1|A|A|105,,,,,cHW,,1GID|1|A|U|258
1GID|1|A|A|104,,,,,cWW,,1GID|1|A|C|216,,,1GID|1|A|A|105,,,,,cWW,,1GID|1|A|G|215
1GID|1|A|A|104,,s55,,,,,1GID|1|A|C|217,,,1GID|1|A|A|105,,s53,,,,,1GID|1|A|A|104
1GID|1|A|A|104,,s35,,,,,1GID|1|A|A|105,,,1GID|1|A|A|105,,ns35,,,,,1GID|1|A|U|107
1GID|1|A|A|104,,s35,,,,,1GID|1|A|U|258,,,1GID|1|A|A|105,,s35,,,,,1GID|1|A|U|259
,,,,,,,,,,,,,,,,,
,,,,,,,,,,1GID|1|A|U|107,,,,,cWW,,1GID|1|A|A|214
,,,,,,,,,,1GID|1|A|U|107,,ns53,,,,,1GID|1|A|A|105
,,,,,,,,,,1GID|1|A|U|107,,,,,cHW,,1GID|1|A|U|259
,,,,,,,,,,,,,,,,,
,,,,,,,,,,Base-ribose,,,,,,,
,,,,,,,,,,1GID|1|A|U|107,,s55,,,,,1GID|1|A|G|215
,,,,,,,,,,1GID|1|A|U|107,,s35,,n9BR,,,1GID|1|A|C|260
,,,,,,,,,,1GID|1|A|U|107,,s35,,,,,1GID|1|A|G|108
,,,,,,,,,,Base triple,,,,,,,
Sugar-sugar,,,,,,,,,,1GID|1|A|G|108,,,,,cHW,,1GID|1|A|C|260
1GID|1|A|G|110,,,,,cSs,,1GID|1|A|A|183,,,1GID|1|A|G|108,,,,,cWW,,1GID|1|A|C|213
1GID|1|A|G|110,,s35,,,,,1GID|1|A|G|111,,,1GID|1|A|G|108,,s35,,,,,1GID|1|A|C|109
1GID|1|A|G|110,,,,,cWW,,1GID|1|A|C|211,,,1GID|1|A|G|108,,s53,,n0BR,,,1GID|1|A|U|107
1GID|1|A|G|110,,s55,,,,,1GID|1|A|G|212,,,1GID|1|A|G|108,,s55,,,,,1GID|1|A|A|214
1GID|1|A|G|110,,s53,,,,,1GID|1|A|C|109,,,Base ribose zipper,,,,,,,
,,,,,,,,,,1GID|1|A|C|109,,s35,,,,,1GID|1|A|G|110
,,,,,,,,,,1GID|1|A|C|109,,s53,,,,,1GID|1|A|G|108
1GID|1|A|G|111,,s55,,,,,1GID|1|A|C|211,,,1GID|1|A|C|109,,,,,cWW,,1GID|1|A|G|212
1GID|1|A|G|111,,,,,cWW,,1GID|1|A|C|209,,,,base ribose interaction with A184,,,,,,
1GID|1|A|G|111,,s35,,,,,1GID|1|A|G|112,,,,,,,,,,
1GID|1|A|G|111,,s53,,,,,1GID|1|A|G|110,,,,,,,,,,
,,,,,,,,,,Sugar hoogsteen,,,,,,,
,,,,,,,,,,1GID|1|A|A|113,,s53,,,,,1GID|1|A|G|112
,,,,,,,,,,1GID|1|A|A|113,,s33,,,,,1GID|1|A|A|206
,,,,,,,,,,1GID|1|A|A|113,,,,,tSH,,1GID|1|A|A|207
,,,,,,,,,,1GID|1|A|A|113,,s55,,,,,1GID|1|A|C|208
,,,,,,,,,,Hoogsteen sugar,,,,,,,
1GID|1|A|G|112,,s53,,,,,1GID|1|A|G|111,,,1GID|1|A|A|114,,,,n6BR,tHS,,1GID|1|A|A|206
1GID|1|A|G|112,,s55,,,,,1GID|1|A|C|209,,,1GID|1|A|A|114,,s55,,,,,1GID|1|A|A|207
1GID|1|A|G|112,,,,,cWW,,1GID|1|A|C|208,,,1GID|1|A|A|114,,s35,,,,,1GID|1|A|A|115
1GID|1|A|G|112,,s35,,,,,1GID|1|A|A|113,,,1GID|1|A|A|114,,,,0BR,,,1GID|1|A|A|113
,,,,,,,,,,,,,,,,,
1GID|1|A|G|116,,,,,ncWW,,1GID|1|A|U|205,,,,,,,,,,
1GID|1|A|G|116,,s53,,,,,1GID|1|A|A|115,,,Base phosphate,,,,,,,
1GID|1|A|G|116,,s35,,,,,1GID|1|A|G|117,,,1GID|1|A|A|115,,s53,,,,,1GID|1|A|A|114
1GID|1|A|G|117,,,,,cWW,,1GID|1|A|C|204,,,1GID|1|A|A|115,,ns55,,,,,1GID|1|A|A|206
1GID|1|A|G|117,,s53,,,,,1GID|1|A|G|116,,,1GID|1|A|A|115,,s35,n0BPh,,,,1GID|1|A|G|116
1GID|1|A|G|117,,ns55,,,,,1GID|1|A|U|205,,,Base ribose,,,,,,,
1GID|1|A|G|117,,s35,,,,,1GID|1|A|G|118,,,1GID|1|A|C|121,,,,,,sO2'5,1GID|1|A|C|124
1GID|1|A|G|118,,,,,cWW,,1GID|1|A|C|203,,,1GID|1|A|C|121,,s53,,n0BR,,,1GID|1|A|U|120
1GID|1|A|G|118,,s55,,,,,1GID|1|A|C|204,,,1GID|1|A|C|121,,s55,,,,,1GID|1|A|G|201
1GID|1|A|G|118,,s53,,,,,1GID|1|A|G|117,,,1GID|1|A|C|121,,ns35,,,,,1GID|1|A|A|198
1GID|1|A|G|118,,s35,,,,,1GID|1|A|G|119,,,1GID|1|A|C|121,,,,,cWW,,1GID|1|A|G|200
1GID|1|A|G|119,,s35,,,,,1GID|1|A|U|120,,,,,,,,,,
1GID|1|A|G|119,,s53,,n0BR,,,1GID|1|A|G|118,,,,,,,,,,
1GID|1|A|G|119,,,,,cWW,,1GID|1|A|U|202,,,1GID|1|A|A|122,,s53,,6BR,,,1GID|1|A|A|198
1GID|1|A|G|119,,s55,,,,,1GID|1|A|C|203,,,1GID|1|A|A|122,,ns55,,,,,1GID|1|A|A|123
1GID|1|A|U|120,,s35,,,,,1GID|1|A|C|121,,,1GID|1|A|A|123,,ns55,,,,,1GID|1|A|A|122
1GID|1|A|U|120,,,,,cWW,,1GID|1|A|G|201,,,1GID|1|A|A|123,,,,,ncWB,,1GID|1|A|A|198
1GID|1|A|U|120,,s53,,,,,1GID|1|A|G|119,,,1GID|1|A|A|123,,s33,,,,,1GID|1|A|C|197
,,,,,,,,,,1GID|1|A|A|123,,ns35,,,,,1GID|1|A|C|124
,,,,,,,,,,,,,,,,,
,,,,,,,,,,,,,,,,,
,,,,,,,,,,,,,,,,,
,,,,,,,,,,,,,,,,,
,,,,,,,,,,,,,,,,,
,,,,,,,,,,,,,,,,,
,,,,,,,,,,,,,,,,,
,,,,,,,,,,,,,,,,,
,,,,,,,,,,,,,,,,,
,,,,,,,,,,,,,,,,,
,,,,,,,,,,,,,,,,,
,,,,,,,,,,,,,,,,,
,,,,,,,,,,,,,,,,,
,,,,,,,,,,,,,,,,,
,,,,,,,,,,,,,,,,,
,,,,,,,,,,,,,,,,,
,,,,,,,,,,,,,,,,,
,,,,,,,,,,,,,,,,,
,,,,,,,,,,,,,,,,,
,,,,,,,,,,,,,,,,,
1GID|1|A|C|124,,s35,,,,,1GID|1|A|G|126,,,,,,,,,,
1GID|1|A|C|124,,,,,ntHW,,1GID|1|A|C|197,,,,,,,,,,
1GID|1|A|C|124,,ns53,,,,,1GID|1|A|A|123,,,,,,,,,,
1GID|1|A|C|124,,,,,ntWS,,1GID|1|A|G|201,,,,,,,,,,
1GID|1|A|C|124,,,,,,s5O2',1GID|1|A|C|121,,,,,,,,,,
1GID|1|A|A|125,,,,n2BR,,,1GID|1|A|C|124,,,,,,,,,,
1GID|1|A|G|126,,s35,,,,,1GID|1|A|C|127,,,,,,,,,,
1GID|1|A|G|126,,,,n0BR,,,1GID|1|A|A|125,,,,,,,,,,
1GID|1|A|G|126,,,,1BR,,,1GID|1|A|U|202,,,,,,,,,,
1GID|1|A|G|126,,s53,,,,,1GID|1|A|C|124,,,,,,,,,,
1GID|1|A|G|126,,,,,cWW,,1GID|1|A|A|196,,,,,,,,,,
1GID|1|A|C|127,,,,,cWW,,1GID|1|A|G|195,,,,,,,,,,
1GID|1|A|C|127,,s35,,,,,1GID|1|A|C|128,,,,,,,,,,
1GID|1|A|C|127,,s53,,,,,1GID|1|A|G|126,,,,,,,,,,
1GID|1|A|C|128,,s53,,n0BR,,,1GID|1|A|C|127,,,,,,,,,,
1GID|1|A|C|128,,,,,cWW,,1GID|1|A|G|194,,,,,,,,,,
1GID|1|A|C|128,,s35,,,,,1GID|1|A|G|129,,,,,,,,,,
1GID|1|A|C|128,,s55,,,,,1GID|1|A|G|195,,,,,,,,,,
1GID|1|A|G|129,,s53,,0BR,,,1GID|1|A|C|128,,,,,,,,,,
1GID|1|A|G|129,,s55,,,,,1GID|1|A|G|194,,,,,,,,,,
1GID|1|A|G|129,,,,,cWW,,1GID|1|A|C|193,,,,,,,,,,
1GID|1|A|U|131,,,,,cWW,,1GID|1|A|A|192,,,,,,,,,,
1GID|1|A|U|131,,s35,,,,,1GID|1|A|C|132,,,,,,,,,,
1GID|1|A|C|132,,ns55,,,,,1GID|1|A|A|192,,,,,,,,,,
1GID|1|A|C|132,,s53,,n0BR,,,1GID|1|A|U|131,,,,,,,,,,
1GID|1|A|C|132,,,,,cWW,,1GID|1|A|G|191,,,,,,,,,,
1GID|1|A|A|133,,s55,,,,,1GID|1|A|G|191,,,,,,,,,,
1GID|1|A|A|133,,,,,cWW,,1GID|1|A|U|190,,,,,,,,,,
1GID|1|A|A|133,,,,n0BR,,,1GID|1|A|C|132,,,,,,,,,,
1GID|1|A|A|133,,s35,,,,,1GID|1|A|G|134,,,,,,,,,,
1GID|1|A|G|134,,s55,,,,,1GID|1|A|U|190,,,,,,,,,,
1GID|1|A|G|134,,,,,cWW,,1GID|1|A|C|189,,,,,,,,,,
1GID|1|A|G|134,,s53,,n0BR,,,1GID|1|A|A|133,,,,,,,,,,
1GID|1|A|G|134,,s35,,,,,1GID|1|A|U|135,,,,,,,,,,
1GID|1|A|U|135,,s53,,0BR,,,1GID|1|A|G|134,,,,,,,,,,
1GID|1|A|U|135,,s35,,,,,1GID|1|A|A|136,,,,,,,,,,
1GID|1|A|U|135,,,,,cWH,,1GID|1|A|A|187,,,,,,,,,,
1GID|1|A|A|136,,s53,,n2BR,,,1GID|1|A|A|187,,,,,,,,,,
1GID|1|A|A|136,,s53,,n0BR,,,1GID|1|A|U|135,,,,,,,,,,
1GID|1|A|A|136,,,,,cWW,,1GID|1|A|U|182,,,,,,,,,,
1GID|1|A|A|136,,s35,,,,,1GID|1|A|C|137,,,,,,,,,,
1GID|1|A|C|137,,s35,,,,,1GID|1|A|C|138,,,,,,,,,,
1GID|1|A|C|137,,,,,cWW,,1GID|1|A|G|181,,,,,,,,,,
1GID|1|A|C|137,,s53,,,,,1GID|1|A|A|136,,,,,,,,,,
1GID|1|A|C|138,,,,,cWW,,1GID|1|A|G|180,,,,,,,,,,
1GID|1|A|C|138,,s55,,,,,1GID|1|A|G|181,,,,,,,,,,
1GID|1|A|C|138,,s53,,,,,1GID|1|A|C|137,,,,,,,,,,
1GID|1|A|C|138,,ns35,,,,,1GID|1|A|A|178,,,,,,,,,,
1GID|1|A|A|139,,,,6BR,tHS,,1GID|1|A|G|164,,,,,,,,,,
1GID|1|A|A|139,,s35,,,,,1GID|1|A|A|140,,,,,,,,,,
1GID|1|A|A|139,,s33,,,,,1GID|1|A|G|163,,,,,,,,,,
1GID|1|A|A|139,,s55,,,,,1GID|1|A|A|186,,,,,,,,,,
1GID|1|A|A|140,,,,6BR,tHS,,1GID|1|A|G|163,,,,,,,,,,
1GID|1|A|A|140,,s35,,,,,1GID|1|A|G|141,,,,,,,,,,
1GID|1|A|A|140,,s53,,,,,1GID|1|A|A|139,,,,,,,,,,
1GID|1|A|G|141,,s53,,,,,1GID|1|A|A|140,,,,,,,,,,
1GID|1|A|G|141,,,,n3BR,,,1GID|1|A|G|163,,,,,,,,,,
1GID|1|A|G|141,,,,,cWW,,1GID|1|A|U|162,,,,,,,,,,
1GID|1|A|G|141,,s35,,,,,1GID|1|A|U|142,,,,,,,,,,
1GID|1|A|U|142,,s53,,,,,1GID|1|A|G|141,,,,,,,,,,
1GID|1|A|U|142,,s35,,,,,1GID|1|A|C|143,,,,,,,,,,
1GID|1|A|U|142,,,,,cWW,,1GID|1|A|A|161,,,,,,,,,,
1GID|1|A|C|143,,s53,,,,,1GID|1|A|U|142,,,,,,,,,,
1GID|1|A|C|143,,,,,cWW,,1GID|1|A|G|160,,,,,,,,,,
1GID|1|A|C|143,,s35,,,,,1GID|1|A|U|144,,,,,,,,,,
1GID|1|A|C|143,,s55,,,,,1GID|1|A|A|161,,,,,,,,,,
1GID|1|A|U|144,,s55,,,,,1GID|1|A|G|160,,,,,,,,,,
1GID|1|A|U|144,,s53,,n0BR,,,1GID|1|A|C|143,,,,,,,,,,
1GID|1|A|U|144,,,,,cWW,,1GID|1|A|A|159,,,,,,,,,,
1GID|1|A|U|144,,s35,,,,,1GID|1|A|C|145,,,,,,,,,,
1GID|1|A|C|145,,s53,,n0BR,,,1GID|1|A|U|144,,,,,,,,,,
1GID|1|A|C|145,,,,,cWW,,1GID|1|A|G|158,,,,,,,,,,
1GID|1|A|C|145,,s35,,,,,1GID|1|A|A|146,,,,,,,,,,
1GID|1|A|A|146,,s55,,,,,1GID|1|A|G|158,,,,,,,,,,
1GID|1|A|A|146,,s53,,n0BR,,,1GID|1|A|C|145,,,,,,,,,,
1GID|1|A|A|146,,,,,cWW,,1GID|1|A|U|157,,,,,,,,,,
1GID|1|A|A|146,,s35,,,,,1GID|1|A|G|147,,,,,,,,,,
1GID|1|A|G|147,,,,,cWW,,1GID|1|A|U|156,,,,,,,,,,
1GID|1|A|G|147,,s35,,,,,1GID|1|A|G|148,,,,,,,,,,
1GID|1|A|G|147,,s55,,,,,1GID|1|A|U|157,,,,,,,,,,
1GID|1|A|G|147,,s53,,n0BR,,,1GID|1|A|A|146,,,,,,,,,,
1GID|1|A|G|148,,s35,,,,,1GID|1|A|G|149,,,,,,,,,,
1GID|1|A|G|148,,,,,cWW,,1GID|1|A|U|155,,,,,,,,,,
1GID|1|A|G|148,,s55,,,,,1GID|1|A|U|156,,,,,,,,,,
1GID|1|A|G|148,,s53,,,,,1GID|1|A|G|147,,,,,,,,,,
1GID|1|A|G|149,,s35,,,,,1GID|1|A|G|150,,,,,,,,,,
1GID|1|A|G|149,,,,,cWW,,1GID|1|A|C|154,,,,,,,,,,
1GID|1|A|G|149,,s55,,,,,1GID|1|A|U|155,,,,,,,,,,
1GID|1|A|G|149,,s53,,,,,1GID|1|A|G|148,,,,,,,,,,
1GID|1|A|G|150,,s53,,,,,1GID|1|A|G|149,,,,,,,,,,
1GID|1|A|G|150,,,3BPh,,ntSH,,1GID|1|A|A|153,,,,,,,,,,
1GID|1|A|G|150,,s55,,,,,1GID|1|A|C|154,,,,,,,,,,
1GID|1|A|G|150,,,,,,s3OP2,1GID|1|A|A|152,,,,,,,,,,
1GID|1|A|A|151,,,,2BR,,,1GID|1|A|A|225,,,,,,,,,,
1GID|1|A|A|151,,,,,tWW,,1GID|1|A|A|248,,,,,,,,,,
1GID|1|A|A|151,,,,n2BR,,,1GID|1|A|U|224,,,,,,,,,,
1GID|1|A|A|151,,s35,,,,,1GID|1|A|A|152,,,,,,,,,,
1GID|1|A|A|151,,s55,n2BPh,,,,1GID|1|A|A|226,,,,,,,,,,
1GID|1|A|A|152,,,,7BR,,sOP23,1GID|1|A|G|150,,,,,,,,,,
1GID|1|A|A|152,,s53,,,,,1GID|1|A|A|151,,,,,,,,,,
1GID|1|A|A|152,,,,6BR,ntSs,,1GID|1|A|G|250,,,,,,,,,,
1GID|1|A|A|152,,s35,,,,,1GID|1|A|A|153,,,,,,,,,,
1GID|1|A|A|152,,,,,csS,,1GID|1|A|U|224,,,,,,,,,,
1GID|1|A|A|153,,ns35,,,,ns3O4',1GID|1|A|C|154,,,,,,,,,,
1GID|1|A|A|153,,,,,cSs,,1GID|1|A|C|223,,,,,,,,,,
1GID|1|A|A|153,,,,n2BR,,,1GID|1|A|G|251,,,,,,,,,,
1GID|1|A|A|153,,,,,ntHS,,1GID|1|A|G|150,,,,,,,,,,
1GID|1|A|A|153,,s53,,,,,1GID|1|A|A|152,,,,,,,,,,
1GID|1|A|A|153,,,,,tSs,,1GID|1|A|G|250,,,,,,,,,,
1GID|1|A|C|154,,,,,cWW,,1GID|1|A|G|149,,,,,,,,,,
1GID|1|A|C|154,,ns53,,,,nsO4'3,1GID|1|A|A|153,,,,,,,,,,
1GID|1|A|C|154,,s55,,,,,1GID|1|A|G|150,,,,,,,,,,
1GID|1|A|C|154,,s35,,,,,1GID|1|A|U|155,,,,,,,,,,
1GID|1|A|U|155,,s35,,,,,1GID|1|A|U|156,,,,,,,,,,
1GID|1|A|U|155,,,,,cWW,,1GID|1|A|G|148,,,,,,,,,,
1GID|1|A|U|155,,s53,,,,,1GID|1|A|C|154,,,,,,,,,,
1GID|1|A|U|155,,s55,,,,,1GID|1|A|G|149,,,,,,,,,,
1GID|1|A|U|156,,,,,cWW,,1GID|1|A|G|147,,,,,,,,,,
1GID|1|A|U|156,,s35,,,,,1GID|1|A|U|157,,,,,,,,,,
1GID|1|A|U|156,,s55,,,,,1GID|1|A|G|148,,,,,,,,,,
1GID|1|A|U|156,,s53,,n0BR,,,1GID|1|A|U|155,,,,,,,,,,
1GID|1|A|U|157,,s35,,,,,1GID|1|A|G|158,,,,,,,,,,
1GID|1|A|U|157,,s55,,,,,1GID|1|A|G|147,,,,,,,,,,
1GID|1|A|U|157,,,,,cWW,,1GID|1|A|A|146,,,,,,,,,,
1GID|1|A|U|157,,s53,,n0BR,,,1GID|1|A|U|156,,,,,,,,,,
1GID|1|A|G|158,,s53,,0BR,,,1GID|1|A|U|157,,,,,,,,,,
1GID|1|A|G|158,,s55,,,,,1GID|1|A|A|146,,,,,,,,,,
1GID|1|A|G|158,,s35,,,,,1GID|1|A|A|159,,,,,,,,,,
1GID|1|A|G|158,,,,,cWW,,1GID|1|A|C|145,,,,,,,,,,
1GID|1|A|A|159,,s53,,n0BR,,,1GID|1|A|G|158,,,,,,,,,,
1GID|1|A|A|159,,,,,cWW,,1GID|1|A|U|144,,,,,,,,,,
1GID|1|A|A|159,,s35,,,,,1GID|1|A|G|160,,,,,,,,,,
1GID|1|A|G|160,,s55,,,,,1GID|1|A|U|144,,,,,,,,,,
1GID|1|A|G|160,,s35,,,,,1GID|1|A|A|161,,,,,,,,,,
1GID|1|A|G|160,,s53,,,,,1GID|1|A|A|159,,,,,,,,,,
1GID|1|A|G|160,,,,,cWW,,1GID|1|A|C|143,,,,,,,,,,
1GID|1|A|A|161,,s55,,,,,1GID|1|A|C|143,,,,,,,,,,
1GID|1|A|A|161,,s53,,,,,1GID|1|A|G|160,,,,,,,,,,
1GID|1|A|A|161,,,,,cWW,,1GID|1|A|U|142,,,,,,,,,,
1GID|1|A|A|161,,s35,,,,,1GID|1|A|U|162,,,,,,,,,,
1GID|1|A|U|162,,s53,,,,,1GID|1|A|A|161,,,,,,,,,,
1GID|1|A|U|162,,,,,cWW,,1GID|1|A|G|141,,,,,,,,,,
1GID|1|A|U|162,,s35,,,,,1GID|1|A|G|163,,,,,,,,,,
1GID|1|A|G|163,,s53,,,,,1GID|1|A|U|162,,,,,,,,,,
1GID|1|A|G|163,,s35,,,,,1GID|1|A|G|164,,,,,,,,,,
1GID|1|A|G|163,,,,,tSH,,1GID|1|A|A|140,,,,,,,,,,
1GID|1|A|G|163,,s33,5BPh,,,,1GID|1|A|A|139,,,,,,,,,,
1GID|1|A|G|164,,s53,,,,,1GID|1|A|G|163,,,,,,,,,,
1GID|1|A|G|164,,,n3BPh,,tSH,,1GID|1|A|A|139,,,,,,,,,,
1GID|1|A|G|164,,s35,,,,,1GID|1|A|A|186,,,,,,,,,,
1GID|1|A|G|164,,,,n3BR,,,1GID|1|A|C|138,,,,,,,,,,
1GID|1|A|C|165,,s35,,,,,1GID|1|A|C|166,,,,,,,,,,
1GID|1|A|C|165,,,,,cWW,,1GID|1|A|G|175,,,,,,,,,,
1GID|1|A|C|165,,,8BPh,0BR,,,1GID|1|A|G|164,,,,,,,,,,
1GID|1|A|C|165,,s55,,,,,1GID|1|A|G|176,,,,,,,,,,
1GID|1|A|C|166,,s55,,,,,1GID|1|A|G|175,,,,,,,,,,
1GID|1|A|C|166,,,,,cWW,,1GID|1|A|G|174,,,,,,,,,,
1GID|1|A|C|166,,s33,,n9BR,,,1GID|1|A|U|167,,,,,,,,,,
1GID|1|A|C|166,,s53,,,,,1GID|1|A|C|165,,,,,,,,,,
1GID|1|A|U|167,,,,n9BR,,,1GID|1|B|U|221,,,,,,,,,,
1GID|1|A|U|167,,s53,,,,,1GID|1|A|A|171,,,,,,,,,,
1GID|1|A|U|167,,,,,ntHH,,1GID|1|A|A|173,,,,,,,,,,
1GID|1|A|U|167,,s33,,,,,1GID|1|A|C|166,,,,,,,,,,
1GID|1|A|U|168,,,,5BR,,,1GID|1|A|G|111,,,,,,,,,,
1GID|1|A|U|168,,,,,tHW,,1GID|1|A|G|188,,,,,,,,,,
1GID|1|A|U|168,,s55,,,,,1GID|1|A|A|183,,,,,,,,,,
1GID|1|A|G|169,,s35,,n1BR,,,1GID|1|A|C|170,,,,,,,,,,
1GID|1|A|G|169,,ns55,,,,,1GID|1|B|A|256,,,,,,,,,,
1GID|1|A|G|169,,,,,cWW,,1GID|1|B|C|255,,,,,,,,,,
1GID|1|A|C|170,,s35,,,,,1GID|1|A|A|171,,,,,,,,,,
1GID|1|A|C|170,,,,,cWW,,1GID|1|B|G|254,,,,,,,,,,
1GID|1|A|C|170,,ns55,,,,,1GID|1|B|C|255,,,,,,,,,,
1GID|1|A|C|170,,s53,,,,,1GID|1|A|G|169,,,,,,,,,,
1GID|1|A|A|171,,s35,,,,,1GID|1|A|U|167,,,,,,,,,,
1GID|1|A|A|171,,,,,cSH,,1GID|1|A|A|172,,,,,,,,,,
1GID|1|A|A|171,,s53,,,,,1GID|1|A|C|170,,,,,,,,,,
1GID|1|A|A|172,,,,,cHS,,1GID|1|A|A|171,,,,,,,,,,
1GID|1|A|A|172,,s35,,,,,1GID|1|A|A|173,,,,,,,,,,
1GID|1|A|A|172,,s55,,,,,1GID|1|B|G|254,,,,,,,,,,
1GID|1|A|A|173,,,,,ntHH,,1GID|1|A|U|167,,,,,,,,,,
1GID|1|A|A|173,,s53,,,,,1GID|1|A|A|172,,,,,,,,,,
1GID|1|A|A|173,,s35,,,,,1GID|1|A|G|174,,,,,,,,,,
1GID|1|A|G|174,,,1BPh,,,,1GID|1|B|C|223,,,,,,,,,,
1GID|1|A|G|174,,s35,,,,,1GID|1|A|G|175,,,,,,,,,,
1GID|1|A|G|174,,s53,,,,,1GID|1|A|A|173,,,,,,,,,,
1GID|1|A|G|174,,,,1BR,,,1GID|1|B|C|222,,,,,,,,,,
1GID|1|A|G|174,,,,,cWW,,1GID|1|A|C|166,,,,,,,,,,
1GID|1|A|G|175,,s55,,,,,1GID|1|A|C|166,,,,,,,,,,
1GID|1|A|G|175,,s53,,n0BR,,,1GID|1|A|G|174,,,,,,,,,,
1GID|1|A|G|175,,,,,cWW,,1GID|1|A|C|165,,,,,,,,,,
1GID|1|A|G|175,,s35,,,,,1GID|1|A|G|176,,,,,,,,,,
1GID|1|A|G|176,,s55,,,,,1GID|1|A|C|165,,,,,,,,,,
1GID|1|A|G|176,,,5BPh,,,,1GID|1|A|G|164,,,,,,,,,,
1GID|1|A|G|176,,s53,,,,,1GID|1|A|G|175,,,,,,,,,,
1GID|1|A|G|176,,s35,,,,,1GID|1|A|U|177,,,,,,,,,,
1GID|1|A|U|177,,,5BPh,,,,1GID|1|A|G|163,,,,,,,,,,
1GID|1|A|U|177,,s53,,,,,1GID|1|A|G|176,,,,,,,,,,
1GID|1|A|A|178,,ns53,,,,,1GID|1|A|C|138,,,,,,,,,,
1GID|1|A|A|178,,s55,,,,sO4'5,1GID|1|A|G|180,,,,,,,,,,
1GID|1|A|A|178,,,,n0BR,,,1GID|1|A|U|177,,,,,,,,,,
1GID|1|A|G|180,,s35,,,,,1GID|1|A|G|181,,,,,,,,,,
1GID|1|A|G|180,,,,,cWW,,1GID|1|A|C|138,,,,,,,,,,
1GID|1|A|G|180,,s55,,,,s5O4',1GID|1|A|A|178,,,,,,,,,,
1GID|1|A|G|181,,,,,cWW,,1GID|1|A|C|137,,,,,,,,,,
1GID|1|A|G|181,,s35,,,,,1GID|1|A|U|182,,,,,,,,,,
1GID|1|A|G|181,,,,n3BR,tsS,,1GID|1|A|A|186,,,,,,,,,,
1GID|1|A|G|181,,s55,,,,,1GID|1|A|C|138,,,,,,,,,,
1GID|1|A|G|181,,s53,,,,,1GID|1|A|G|180,,,,,,,,,,
1GID|1|A|U|182,,s33,,,,,1GID|1|A|A|187,,,,,,,,,,
1GID|1|A|U|182,,,,,,sO4'3,1GID|1|A|A|186,,,,,,,,,,
1GID|1|A|U|182,,s53,,,,,1GID|1|A|G|181,,,,,,,,,,
1GID|1|A|U|182,,,,,cWW,,1GID|1|A|A|136,,,,,,,,,,
1GID|1|A|A|183,,s55,,,,,1GID|1|A|U|168,,,,,,,,,,
1GID|1|A|A|183,,s35,,,,,1GID|1|A|A|184,,,,,,,,,,
1GID|1|A|A|183,,,,n6BR,,,1GID|1|A|G|212,,,,,,,,,,
1GID|1|A|A|183,,,,n2BR,,,1GID|1|A|G|111,,,,,,,,,,
1GID|1|A|A|183,,,,,csS,,1GID|1|A|G|110,,,,,,,,,,
1GID|1|A|A|183,,ns53,,,,sO4'3,1GID|1|A|G|188,,,,,,,,,,
1GID|1|A|A|184,,s53,,,,,1GID|1|A|A|183,,,,,,,,,,
1GID|1|A|A|184,,ns35,,,,s3O4',1GID|1|A|C|213,,,,,,,,,,
1GID|1|A|A|184,,,,n6BR,tSs,,1GID|1|A|G|212,,,,,,,,,,
1GID|1|A|A|186,,,,,tSs,,1GID|1|A|G|181,,,,,,,,,,
1GID|1|A|A|186,,,,,,s3O4',1GID|1|A|U|182,,,,,,,,,,
1GID|1|A|A|186,,s53,,6BR,,,1GID|1|A|G|164,,,,,,,,,,
1GID|1|A|A|186,,,n6BPh,,,,1GID|1|A|C|165,,,,,,,,,,
1GID|1|A|A|186,,s55,,,,,1GID|1|A|A|139,,,,,,,,,,
1GID|1|A|A|187,,,,,cHW,,1GID|1|A|U|135,,,,,,,,,,
1GID|1|A|A|187,,s55,,,,,1GID|1|A|C|189,,,,,,,,,,
1GID|1|A|A|187,,,,n2BR,,,1GID|1|A|G|188,,,,,,,,,,
1GID|1|A|A|187,,s33,,n2BR,,,1GID|1|A|U|182,,,,,,,,,,
1GID|1|A|A|187,,s35,,,,,1GID|1|A|A|136,,,,,,,,,,
1GID|1|A|G|188,,ns35,,,,s3O4',1GID|1|A|A|183,,,,,,,,,,
1GID|1|A|G|188,,,,,tWH,,1GID|1|A|U|168,,,,,,,,,,
1GID|1|A|C|189,,s35,,,,,1GID|1|A|U|190,,,,,,,,,,
1GID|1|A|C|189,,s55,,,,,1GID|1|A|A|187,,,,,,,,,,
1GID|1|A|C|189,,,,,cWW,,1GID|1|A|G|134,,,,,,,,,,
1GID|1|A|U|190,,s53,,,,,1GID|1|A|C|189,,,,,,,,,,
1GID|1|A|U|190,,s55,,,,,1GID|1|A|G|134,,,,,,,,,,
1GID|1|A|U|190,,s35,,,,,1GID|1|A|G|191,,,,,,,,,,
1GID|1|A|U|190,,,,,cWW,,1GID|1|A|A|133,,,,,,,,,,
1GID|1|A|G|191,,s53,,,,,1GID|1|A|U|190,,,,,,,,,,
1GID|1|A|G|191,,s55,,,,,1GID|1|A|A|133,,,,,,,,,,
1GID|1|A|G|191,,s35,,,,,1GID|1|A|A|192,,,,,,,,,,
1GID|1|A|G|191,,,,,cWW,,1GID|1|A|C|132,,,,,,,,,,
1GID|1|A|A|192,,ns55,,,,,1GID|1|A|C|132,,,,,,,,,,
1GID|1|A|A|192,,s53,,n0BR,,,1GID|1|A|G|191,,,,,,,,,,
1GID|1|A|A|192,,,,,cWW,,1GID|1|A|U|131,,,,,,,,,,
1GID|1|A|A|192,,s35,,,,,1GID|1|A|C|193,,,,,,,,,,
1GID|1|A|C|193,,,,,cWW,,1GID|1|A|G|129,,,,,,,,,,
1GID|1|A|C|193,,s53,,,,,1GID|1|A|A|192,,,,,,,,,,
1GID|1|A|C|193,,ns35,,,,,1GID|1|A|G|194,,,,,,,,,,
1GID|1|A|G|194,,s55,,,,,1GID|1|A|G|129,,,,,,,,,,
1GID|1|A|G|194,,,,,cWW,,1GID|1|A|C|128,,,,,,,,,,
1GID|1|A|G|194,,s35,,n1BR,,,1GID|1|A|G|195,,,,,,,,,,
1GID|1|A|G|194,,ns53,,,,,1GID|1|A|C|193,,,,,,,,,,
1GID|1|A|G|195,,s55,,,,,1GID|1|A|C|128,,,,,,,,,,
1GID|1|A|G|195,,,,,cWW,,1GID|1|A|C|127,,,,,,,,,,
1GID|1|A|G|195,,s53,,,,,1GID|1|A|G|194,,,,,,,,,,
1GID|1|A|G|195,,s35,,,,,1GID|1|A|A|196,,,,,,,,,,
1GID|1|A|A|196,,,,2BR,,,1GID|1|A|G|201,,,,,,,,,,
1GID|1|A|A|196,,s35,,,,,1GID|1|A|C|197,,,,,,,,,,
1GID|1|A|A|196,,s53,,0BR,,,1GID|1|A|G|195,,,,,,,,,,
1GID|1|A|A|196,,,,,cWW,,1GID|1|A|G|126,,,,,,,,,,
1GID|1|A|C|197,,s53,,0BR,,,1GID|1|A|A|196,,,,,,,,,,
1GID|1|A|C|197,,,,,cSs,,1GID|1|A|G|200,,,,,,,,,,
1GID|1|A|C|197,,s33,,,,,1GID|1|A|A|123,,,,,,,,,,
1GID|1|A|C|197,,,,,ntWH,,1GID|1|A|C|124,,,,,,,,,,
1GID|1|A|A|198,,ns53,,,,,1GID|1|A|C|121,,,,,,,,,,
1GID|1|A|A|198,,s35,,,,,1GID|1|A|A|122,,,,,,,,,,
1GID|1|A|A|198,,s55,,,,,1GID|1|A|G|200,,,,,,,,,,
1GID|1|A|A|198,,,,,ncBW,,1GID|1|A|A|123,,,,,,,,,,
1GID|1|A|G|200,,,,n1BR,csS,,1GID|1|A|C|197,,,,,,,,,,
1GID|1|A|G|200,,s35,,n1BR,,,1GID|1|A|G|201,,,,,,,,,,
1GID|1|A|G|200,,s55,,,,,1GID|1|A|A|198,,,,,,,,,,
1GID|1|A|G|200,,,,,cWW,,1GID|1|A|C|121,,,,,,,,,,
1GID|1|A|G|201,,,,,ntSW,,1GID|1|A|C|124,,,,,,,,,,
1GID|1|A|G|201,,s53,,,,,1GID|1|A|G|200,,,,,,,,,,
1GID|1|A|G|201,,,,,cWW,,1GID|1|A|U|120,,,,,,,,,,
1GID|1|A|G|201,,s35,,,,,1GID|1|A|U|202,,,,,,,,,,
1GID|1|A|G|201,,s55,,,,,1GID|1|A|C|121,,,,,,,,,,
1GID|1|A|U|202,,s53,,,,,1GID|1|A|G|201,,,,,,,,,,
1GID|1|A|U|202,,,,,cWW,,1GID|1|A|G|119,,,,,,,,,,
1GID|1|A|U|202,,s35,,,,,1GID|1|A|C|203,,,,,,,,,,
1GID|1|A|C|203,,,,,cWW,,1GID|1|A|G|118,,,,,,,,,,
1GID|1|A|C|203,,s53,,n0BR,,,1GID|1|A|U|202,,,,,,,,,,
1GID|1|A|C|203,,s55,,,,,1GID|1|A|G|119,,,,,,,,,,
1GID|1|A|C|203,,s35,,,,,1GID|1|A|C|204,,,,,,,,,,
1GID|1|A|C|204,,,,,cWW,,1GID|1|A|G|117,,,,,,,,,,
1GID|1|A|C|204,,s55,,,,,1GID|1|A|G|118,,,,,,,,,,
1GID|1|A|C|204,,s53,,n0BR,,,1GID|1|A|C|203,,,,,,,,,,
1GID|1|A|C|204,,s35,,,,,1GID|1|A|U|205,,,,,,,,,,
1GID|1|A|U|205,,,,,ncWW,,1GID|1|A|G|116,,,,,,,,,,
1GID|1|A|U|205,,s53,,,,,1GID|1|A|C|204,,,,,,,,,,
1GID|1|A|U|205,,ns35,,,,,1GID|1|A|A|206,,,,,,,,,,
1GID|1|A|U|205,,ns55,,,,,1GID|1|A|G|117,,,,,,,,,,
1GID|1|A|A|206,,s33,,,,,1GID|1|A|A|113,,,,,,,,,,
1GID|1|A|A|206,,ns53,,,,,1GID|1|A|U|205,,,,,,,,,,
1GID|1|A|A|206,,,,,tSH,,1GID|1|A|A|114,,,,,,,,,,
1GID|1|A|A|206,,ns55,,,,,1GID|1|A|A|115,,,,,,,,,,
1GID|1|A|A|207,,,,n6BR,tHS,,1GID|1|A|A|113,,,,,,,,,,
1GID|1|A|A|207,,s55,,,,,1GID|1|A|A|114,,,,,,,,,,
1GID|1|A|A|207,,,,0BR,,,1GID|1|A|A|206,,,,,,,,,,
1GID|1|A|A|207,,s35,,,,ns3O4',1GID|1|A|C|208,,,,,,,,,,
1GID|1|A|C|208,,,,,cWW,,1GID|1|A|G|112,,,,,,,,,,
1GID|1|A|C|208,,,,n7BR,,,1GID|1|A|A|206,,,,,,,,,,
1GID|1|A|C|208,,s35,,,,,1GID|1|A|C|209,,,,,,,,,,
1GID|1|A|C|208,,s55,,,,,1GID|1|A|A|113,,,,,,,,,,
1GID|1|A|C|208,,s53,8BPh,,,nsO4'3,1GID|1|A|A|207,,,,,,,,,,
1GID|1|A|C|209,,,,,cWW,,1GID|1|A|G|111,,,,,,,,,,
1GID|1|A|C|209,,s53,,,,,1GID|1|A|C|208,,,,,,,,,,
1GID|1|A|C|209,,s55,,,,,1GID|1|A|G|112,,,,,,,,,,
1GID|1|A|C|209,,s35,,,,,1GID|1|A|C|211,,,,,,,,,,
1GID|1|A|A|210,,s55,,n2BR,,,1GID|1|B|A|210,,,,,,,,,,
1GID|1|A|C|211,,s53,,n0BR,,,1GID|1|A|C|209,,,,,,,,,,
1GID|1|A|C|211,,s55,,,,,1GID|1|A|G|111,,,,,,,,,,
1GID|1|A|C|211,,s35,,,,,1GID|1|A|G|212,,,,,,,,,,
1GID|1|A|C|211,,,,,cWW,,1GID|1|A|G|110,,,,,,,,,,
1GID|1|A|G|212,,s53,,,,,1GID|1|A|C|211,,,,,,,,,,
1GID|1|A|G|212,,s35,,,,,1GID|1|A|C|213,,,,,,,,,,
1GID|1|A|G|212,,,,,tsS,,1GID|1|A|A|184,,,,,,,,,,
1GID|1|A|G|212,,,,,cWW,,1GID|1|A|C|109,,,,,,,,,,
1GID|1|A|G|212,,s55,,,,,1GID|1|A|G|110,,,,,,,,,,
1GID|1|A|C|213,,s53,,,,,1GID|1|A|G|212,,,,,,,,,,
1GID|1|A|C|213,,ns53,,,,sO4'3,1GID|1|A|A|184,,,,,,,,,,
1GID|1|A|C|213,,s35,,,,,1GID|1|A|A|214,,,,,,,,,,
1GID|1|A|C|213,,,,,cWW,,1GID|1|A|G|108,,,,,,,,,,
1GID|1|A|A|214,,s53,,,,,1GID|1|A|C|213,,,,,,,,,,
1GID|1|A|A|214,,,,,cWW,,1GID|1|A|U|107,,,,,,,,,,
1GID|1|A|A|214,,s55,,,,,1GID|1|A|G|108,,,,,,,,,,
1GID|1|A|A|214,,s35,,,,,1GID|1|A|G|215,,,,,,,,,,
1GID|1|A|G|215,,,,,cWW,,1GID|1|A|A|105,,,,,,,,,,
1GID|1|A|G|215,,s53,,n0BR,,,1GID|1|A|A|214,,,,,,,,,,
1GID|1|A|G|215,,s55,,,,,1GID|1|A|U|107,,,,,,,,,,
1GID|1|A|G|215,,s35,,,,,1GID|1|A|C|216,,,,,,,,,,
1GID|1|A|C|216,,s35,,,,,1GID|1|A|C|217,,,,,,,,,,
1GID|1|A|C|216,,,,,cWW,,1GID|1|A|A|104,,,,,,,,,,
1GID|1|A|C|216,,s53,,n0BR,,,1GID|1|A|G|215,,,,,,,,,,
1GID|1|A|C|217,,s35,,,,,1GID|1|A|A|218,,,,,,,,,,
1GID|1|A|C|217,,s55,,,,,1GID|1|A|A|104,,,,,,,,,,
1GID|1|A|C|217,,,,,cWW,,1GID|1|A|G|103,,,,,,,,,,
1GID|1|A|C|217,,s53,,,,,1GID|1|A|C|216,,,,,,,,,,
1GID|1|A|A|218,,s55,,,,,1GID|1|A|G|103,,,,,,,,,,
1GID|1|A|A|218,,s33,,,,,1GID|1|A|U|253,,,,,,,,,,
1GID|1|A|A|218,,,,,cSH,,1GID|1|A|A|219,,,,,,,,,,
1GID|1|A|A|218,,s53,,,,,1GID|1|A|C|217,,,,,,,,,,
1GID|1|A|A|219,,,,n0BR,cHS,,1GID|1|A|A|218,,,,,,,,,,
1GID|1|A|A|219,,s55,,,,,1GID|1|A|G|103,,,,,,,,,,
1GID|1|A|A|219,,s35,,,,,1GID|1|A|G|220,,,,,,,,,,
1GID|1|A|G|220,,,,,cWW,,1GID|1|A|U|253,,,,,,,,,,
1GID|1|A|G|220,,s53,,,,,1GID|1|A|A|219,,,,,,,,,,
1GID|1|A|G|220,,s35,,,,,1GID|1|A|U|221,,,,,,,,,,
1GID|1|A|U|221,,s53,,n0BR,,,1GID|1|A|G|220,,,,,,,,,,
1GID|1|A|U|221,,,,,cWW,,1GID|1|A|A|252,,,,,,,,,,
1GID|1|A|U|221,,s35,,,,,1GID|1|A|C|222,,,,,,,,,,
1GID|1|A|C|222,,s35,,,,,1GID|1|A|C|223,,,,,,,,,,
1GID|1|A|C|222,,s53,,n0BR,,,1GID|1|A|U|221,,,,,,,,,,
1GID|1|A|C|222,,,,,cWW,,1GID|1|A|G|251,,,,,,,,,,
1GID|1|A|C|223,,s35,,,,,1GID|1|A|U|224,,,,,,,,,,
1GID|1|A|C|223,,s55,,,,,1GID|1|A|G|251,,,,,,,,,,
1GID|1|A|C|223,,,,,csS,,1GID|1|A|A|153,,,,,,,,,,
1GID|1|A|C|223,,s53,,,,,1GID|1|A|C|222,,,,,,,,,,
1GID|1|A|C|223,,,,,cWW,,1GID|1|A|G|250,,,,,,,,,,
1GID|1|A|U|224,,s55,,,,,1GID|1|A|G|250,,,,,,,,,,
1GID|1|A|U|224,,s35,,,,,1GID|1|A|A|225,,,,,,,,,,
1GID|1|A|U|224,,,,,cSs,,1GID|1|A|A|152,,,,,,,,,,
1GID|1|A|U|224,,,,,tWH,,1GID|1|A|A|248,,,,,,,,,,
1GID|1|A|U|224,,s53,,,,,1GID|1|A|C|223,,,,,,,,,,
1GID|1|A|A|225,,s53,,,,,1GID|1|A|U|224,,,,,,,,,,
1GID|1|A|A|225,,s33,,,,,1GID|1|A|U|247,,,,,,,,,,
1GID|1|A|A|225,,s55,6BPh,,,,1GID|1|A|A|248,,,,,,,,,,
1GID|1|A|A|225,,,,,cSH,,1GID|1|A|A|226,,,,,,,,,,
1GID|1|A|A|226,,,,,cHS,,1GID|1|A|A|225,,,,,,,,,,
1GID|1|A|A|226,,s55,,,,,1GID|1|A|A|248,,,,,,,,,,
1GID|1|A|A|226,,,,,ncWW,,1GID|1|A|U|249,,,,,,,,,,
1GID|1|A|A|226,,s35,,,,,1GID|1|A|G|227,,,,,,,,,,
1GID|1|A|A|226,,s55,,,,,1GID|1|A|A|151,,,,,,,,,,
1GID|1|A|G|227,,ns55,,,,,1GID|1|A|U|249,,,,,,,,,,
1GID|1|A|G|227,,s53,,,,,1GID|1|A|A|226,,,,,,,,,,
1GID|1|A|G|227,,,,,cWW,,1GID|1|A|U|247,,,,,,,,,,
1GID|1|A|G|227,,s35,,,,,1GID|1|A|U|228,,,,,,,,,,
1GID|1|A|U|228,,s35,,,,,1GID|1|A|C|229,,,,,,,,,,
1GID|1|A|U|228,,s53,,,,,1GID|1|A|G|227,,,,,,,,,,
1GID|1|A|U|228,,,,,cWW,,1GID|1|A|A|246,,,,,,,,,,
1GID|1|A|C|229,,s35,,,,,1GID|1|A|A|230,,,,,,,,,,
1GID|1|A|C|229,,,,,cWW,,1GID|1|A|G|245,,,,,,,,,,
1GID|1|A|C|229,,s53,,n0BR,,,1GID|1|A|U|228,,,,,,,,,,
1GID|1|A|A|230,,s35,,,,,1GID|1|A|A|231,,,,,,,,,,
1GID|1|A|A|230,,s55,,,,,1GID|1|A|G|245,,,,,,,,,,
1GID|1|A|A|230,,,,,cWW,,1GID|1|A|U|244,,,,,,,,,,
1GID|1|A|A|230,,s53,,,,,1GID|1|A|C|229,,,,,,,,,,
1GID|1|A|A|231,,s35,,,,,1GID|1|A|C|232,,,,,,,,,,
1GID|1|A|A|231,,s55,,,,,1GID|1|A|U|244,,,,,,,,,,
1GID|1|A|A|231,,,,,cWW,,1GID|1|A|U|243,,,,,,,,,,
1GID|1|A|A|231,,s53,,n0BR,,,1GID|1|A|A|230,,,,,,,,,,
1GID|1|A|C|232,,,,,cWW,,1GID|1|A|G|242,,,,,,,,,,
1GID|1|A|C|232,,ns35,,,,,1GID|1|A|A|233,,,,,,,,,,
1GID|1|A|C|232,,s53,,n0BR,,,1GID|1|A|A|231,,,,,,,,,,
1GID|1|A|A|233,,,,,cWW,,1GID|1|A|U|241,,,,,,,,,,
1GID|1|A|A|233,,s35,,,,,1GID|1|A|G|234,,,,,,,,,,
1GID|1|A|A|233,,s55,,,,,1GID|1|A|G|242,,,,,,,,,,
1GID|1|A|A|233,,ns53,,,,,1GID|1|A|C|232,,,,,,,,,,
1GID|1|A|G|234,,s53,,,,,1GID|1|A|A|233,,,,,,,,,,
1GID|1|A|G|234,,,,,cWW,,1GID|1|A|C|240,,,,,,,,,,
1GID|1|A|G|234,,s35,,,,,1GID|1|A|A|235,,,,,,,,,,
1GID|1|A|G|234,,s55,,,,,1GID|1|A|U|241,,,,,,,,,,
1GID|1|A|A|235,,,,,ncWW,,1GID|1|A|U|239,,,,,,,,,,
1GID|1|A|A|235,,s53,,n0BR,,,1GID|1|A|G|234,,,,,,,,,,
1GID|1|A|A|235,,ns55,,,,,1GID|1|A|C|240,,,,,,,,,,
1GID|1|A|U|236,,,n0BPh,,,,1GID|1|A|C|237,,,,,,,,,,
1GID|1|A|U|239,,,0BPh,,,,1GID|1|A|U|238,,,,,,,,,,
1GID|1|A|U|239,,,,,ncWW,,1GID|1|A|A|235,,,,,,,,,,
1GID|1|A|U|239,,,n5BPh,,,,1GID|1|A|C|237,,,,,,,,,,
1GID|1|A|U|239,,s35,,,,,1GID|1|A|C|240,,,,,,,,,,
1GID|1|A|C|240,,s53,,,,,1GID|1|A|U|239,,,,,,,,,,
1GID|1|A|C|240,,,,,cWW,,1GID|1|A|G|234,,,,,,,,,,
1GID|1|A|C|240,,s35,,,,,1GID|1|A|U|241,,,,,,,,,,
1GID|1|A|C|240,,ns55,,,,,1GID|1|A|A|235,,,,,,,,,,
1GID|1|A|U|241,,s53,,,,,1GID|1|A|C|240,,,,,,,,,,
1GID|1|A|U|241,,,,,cWW,,1GID|1|A|A|233,,,,,,,,,,
1GID|1|A|U|241,,s35,,,,,1GID|1|A|G|242,,,,,,,,,,
1GID|1|A|U|241,,s55,,,,,1GID|1|A|G|234,,,,,,,,,,
1GID|1|A|G|242,,,,,cWW,,1GID|1|A|C|232,,,,,,,,,,
1GID|1|A|G|242,,s53,,n0BR,,,1GID|1|A|U|241,,,,,,,,,,
1GID|1|A|G|242,,s35,,,,,1GID|1|A|U|243,,,,,,,,,,
1GID|1|A|G|242,,s55,,,,,1GID|1|A|A|233,,,,,,,,,,
1GID|1|A|U|243,,s53,,0BR,,,1GID|1|A|G|242,,,,,,,,,,
1GID|1|A|U|243,,s35,,,,,1GID|1|A|U|244,,,,,,,,,,
1GID|1|A|U|243,,,,,cWW,,1GID|1|A|A|231,,,,,,,,,,
1GID|1|A|U|244,,s53,,n0BR,,,1GID|1|A|U|243,,,,,,,,,,
1GID|1|A|U|244,,s35,,,,,1GID|1|A|G|245,,,,,,,,,,
1GID|1|A|U|244,,s55,,,,,1GID|1|A|A|231,,,,,,,,,,
1GID|1|A|U|244,,,,,cWW,,1GID|1|A|A|230,,,,,,,,,,
1GID|1|A|G|245,,s53,,n0BR,,,1GID|1|A|U|244,,,,,,,,,,
1GID|1|A|G|245,,s35,,,,,1GID|1|A|A|246,,,,,,,,,,
1GID|1|A|G|245,,s55,,,,,1GID|1|A|A|230,,,,,,,,,,
1GID|1|A|G|245,,,,,cWW,,1GID|1|A|C|229,,,,,,,,,,
1GID|1|A|A|246,,s53,,n0BR,,,1GID|1|A|G|245,,,,,,,,,,
1GID|1|A|A|246,,,,,cWW,,1GID|1|A|U|228,,,,,,,,,,
1GID|1|A|A|246,,s35,,,,,1GID|1|A|U|247,,,,,,,,,,
1GID|1|A|U|247,,s33,,,,,1GID|1|A|A|225,,,,,,,,,,
1GID|1|A|U|247,,,,,cWW,,1GID|1|A|G|227,,,,,,,,,,
1GID|1|A|U|247,,s53,,,,,1GID|1|A|A|246,,,,,,,,,,
1GID|1|A|A|248,,,,,tWW,,1GID|1|A|A|151,,,,,,,,,,
1GID|1|A|A|248,,s35,,,,,1GID|1|A|G|250,,,,,,,,,,
1GID|1|A|A|248,,ns53,,,,,1GID|1|A|U|249,,,,,,,,,,
1GID|1|A|A|248,,s55,,,,,1GID|1|A|A|225,,,,,,,,,,
1GID|1|A|A|248,,s55,,,,,1GID|1|A|A|226,,,,,,,,,,
1GID|1|A|A|248,,,,,tHW,,1GID|1|A|U|224,,,,,,,,,,
1GID|1|A|U|249,,ns55,,,,,1GID|1|A|G|227,,,,,,,,,,
1GID|1|A|U|249,,ns35,,,,,1GID|1|A|A|248,,,,,,,,,,
1GID|1|A|U|249,,,,,ncWW,,1GID|1|A|A|226,,,,,,,,,,
1GID|1|A|G|250,,s53,,,,,1GID|1|A|A|248,,,,,,,,,,
1GID|1|A|G|250,,s35,,,,,1GID|1|A|G|251,,,,,,,,,,
1GID|1|A|G|250,,,,,tsS,,1GID|1|A|A|153,,,,,,,,,,
1GID|1|A|G|250,,s55,,,,,1GID|1|A|U|224,,,,,,,,,,
1GID|1|A|G|250,,,,,ntsS,,1GID|1|A|A|152,,,,,,,,,,
1GID|1|A|G|250,,,,,cWW,,1GID|1|A|C|223,,,,,,,,,,
1GID|1|A|G|251,,s35,,,,,1GID|1|A|A|252,,,,,,,,,,
1GID|1|A|G|251,,s55,,,,,1GID|1|A|C|223,,,,,,,,,,
1GID|1|A|G|251,,,,,cWW,,1GID|1|A|C|222,,,,,,,,,,
1GID|1|A|G|251,,s53,,,,,1GID|1|A|G|250,,,,,,,,,,
1GID|1|A|A|252,,s35,,,,,1GID|1|A|U|253,,,,,,,,,,
1GID|1|A|A|252,,,,,cWW,,1GID|1|A|U|221,,,,,,,,,,
1GID|1|A|A|252,,s53,,,,,1GID|1|A|G|251,,,,,,,,,,
1GID|1|A|U|253,,s53,,,,,1GID|1|A|A|252,,,,,,,,,,
1GID|1|A|U|253,,s33,,,,,1GID|1|A|A|218,,,,,,,,,,
1GID|1|A|U|253,,,,,cWW,,1GID|1|A|G|220,,,,,,,,,,
1GID|1|A|G|254,,,,,cWW,,1GID|1|B|C|170,,,,,,,,,,
1GID|1|A|G|254,,s35,,,,,1GID|1|A|C|255,,,,,,,,,,
1GID|1|A|G|254,,s55,,,,,1GID|1|B|A|172,,,,,,,,,,
1GID|1|A|C|255,,ns55,,,,,1GID|1|B|C|170,,,,,,,,,,
1GID|1|A|C|255,,s53,,,,,1GID|1|A|G|254,,,,,,,,,,
1GID|1|A|C|255,,,,,cWW,,1GID|1|B|G|169,,,,,,,,,,
1GID|1|A|C|255,,s35,,,,,1GID|1|A|A|256,,,,,,,,,,
1GID|1|A|A|256,,,2BPh,,,,1GID|1|A|G|103,,,,,,,,,,
1GID|1|A|A|256,,ns55,,,,,1GID|1|B|G|169,,,,,,,,,,
1GID|1|A|A|256,,s53,,,,,1GID|1|A|C|255,,,,,,,,,,
1GID|1|A|A|256,,s35,,,,,1GID|1|A|G|257,,,,,,,,,,
1GID|1|A|G|257,,,n1BPh,,,,1GID|1|A|A|104,,,,,,,,,,
1GID|1|A|G|257,,s53,,,,,1GID|1|A|G|103,,,,,,,,,,
1GID|1|A|G|257,,s35,,,,,1GID|1|A|U|258,,,,,,,,,,
1GID|1|A|G|257,,s53,,,,,1GID|1|A|A|256,,,,,,,,,,
1GID|1|A|U|258,,s53,,,,,1GID|1|A|G|257,,,,,,,,,,
1GID|1|A|U|258,,s53,,,,,1GID|1|A|A|104,,,,,,,,,,
1GID|1|A|U|258,,s35,,,,,1GID|1|A|U|259,,,,,,,,,,
1GID|1|A|U|258,,,,,cWH,,1GID|1|A|A|105,,,,,,,,,,
1GID|1|A|U|259,,,,,cWH,,1GID|1|A|U|107,,,,,,,,,,
1GID|1|A|U|259,,s53,,,,,1GID|1|A|A|105,,,,,,,,,,
1GID|1|A|U|259,,s53,,,,,1GID|1|A|U|258,,,,,,,,,,
1GID|1|A|U|259,,s35,,,,,1GID|1|A|C|260,,,,,,,,,,
1GID|1|A|C|260,,s53,,,,,1GID|1|A|U|107,,,,,,,,,,
1GID|1|A|C|260,,s53,,,,,1GID|1|A|U|259,,,,,,,,,,
1GID|1|A|C|260,,,,,cWH,,1GID|1|A|G|108,,,,,,,,,,