nt_site,nt_base,canonical
104,A,0
105,A,0
109,C,0
113,A,0
114,A,0
115,A,0
121,C,1
122,A,0
123,A,0
125,A,0
128,C,1
132,C,1
133,A,1
136,A,0
137,C,1
138,C,1
139,A,0
140,A,0
146,A,1
151,A,0
152,A,0
153,A,0
154,C,1
159,A,1
161,A,1
165,C,1
166,C,1
170,C,0
171,A,0
172,A,0
173,A,0
178,A,0
183,A,0
184,A,0
186,A,0
187,A,0
192,A,1
196,A,0
197,C,0
206,A,0
207,A,0
208,C,1
210,A,0
214,A,1
216,C,0
217,C,0
218,A,0
219,A,0
223,C,1
225,A,0
226,A,0
229,C,1
230,A,1
231,A,1
232,C,1
233,A,1
235,A,0
237,C,0
246,A,1
248,A,0
252,A,1
255,C,0
256,A,0
260,C,0
261,A,0
262,A,0
263,C,0
264,C,0
265,A,0
266,A,0